Id,Text
"1313","фактически его нету! в убунте палитика другая поэтому рутом его назвать тяжело! реальное понятие рут идёт от юникса. больше читай, чувак!:))"
"39233","Спасибо за ответ @dzhioev"
"39241","Спасибо за ответ @Kozlov Sergei"
"39256","Огромное спасибо за ответ @Евгений Серебров"
"56270","Не создавайте новых вопрос - не засоряйте форум.

По прошлому вопросу - Дайте описание TBasicShape."
"84552","Ув. @ZoZexZero, вы слышали про такие замечательные поисковые ресурсы, как Google, Yandex? Они содержат гораздо больше ответов на подобные вопросы, чем может предложить аудитория ХэшКода."
"112400","@Андрей2, Чтобы отформатировать код, выделите его мышью и нажмите на кнопку 101010 редактора."
"135595","спасибо, большое =)"
"184452","Pascal это же просто и ясно: вместо скобок `begin-end` ну и присвоение `:=`. В оконцове найди дельфиста (их тут пруд-пруди)."
"187458","@wwvv глупый вопрос, говорите? Вы бы тут вопросы по php и JavaScript почитали бы, вот там действительно глупые))"
"189322","@Lucky - абсолютно то что я хочу сказать. +1"
"189877","@heavy_metal_fan, минус можете аргументировать?"
"197101","суперответ! зачот!"
"197817","Спасибо большое!"
"228811","Повтор вопроса  
https://ru.stackoverflow.com/questions/215279/%D0%A1%D0%BA%D0%BB%D0%BE%D0%BD%D0%B5%D0%BD%D0%B8%D1%8F-%D1%81%D0%BB%D0%BE%D0%B2-%D0%BD%D0%B0-php
Там кстати можно найти мою попытку упростить читабельность большого текста в котором надо склонить слова при помощи шаблонов."
"270755","Dimonolog спросите у Тихонова"
"276090","понятно, спасибо большое."
"295120","Решение на стороне сервера есть, спасибо за него Роману Жукову."
"295122","спасибо большое! то, что нужно было изначально!"
"295123","Решение на стороне клиента найдено! Спасибо за него Ridzhi! )"
"341337","Пример был протестирован на PHP 5.2.13, на Denwer'е."
"341338","Спасибо!!!"
"372555","@Vladislav  Romarov, Если вам дан исчерпывающий ответ, отметьте его как верный (нажмите на галку рядом с выбранным ответом)."
"372557","Да я над ответом думал ))))). Нашел в справочнике описание как раз подходящее)). Что ж, буду пробовать..."
"372558","Спасибо! Это как раз то, что я искал. Просто хотел обойтись без MVC, т.к. приложение достаточно простое...Видимо, не получится."
"372576","Что-то не понимаю, как мне получить доступ к этому полю и откуда.
Вот, объявил я GridPane с fx:id = ""grid1""
Как к нему теперь получить доступ ?"
"372581","Обновил ответ"
"377021","@dzukp, сделайте ответом. Я приму! Не находил еще подобной информации!"
"380698","халява это бич всех славян )"
"386838","спасибо большое."
"393833","@Seth, Если вам дан исчерпывающий ответ, отметьте его как верный (нажмите на галку рядом с выбранным ответом)."
"422674","Жаль 2-х очков репутации не хватает что бы отметить ответ, как только дойду до 15-ти, обязательно отмечу, Спасибо большое!"
"422676","@pojurgy: А так?"
"422677","Спасибо! теперь могу :)"
"422683","Ответ надо галочкой помечать. Я полагаю, что для этого нет репутационных барьеров."
"422832","еле нашел её :)"
"491277","Немного переформулировал заголовок, надеюсь что вы не против."
"492929","нужно уточнить, нужна фактическая высота, или то, что прописано в стилях? В стилях может быть прописано не только в `px`"
"509207","СПАСИБО, Можете подсказать как сделать чтобы все добавленные блоки удалялись а не только последний"
"509297","Не за что :) смотрите исправление."
"516363","Спасибо, помогло! Не знал."
"570167","Жмакнул второпях на минус, хотел на плюс. Не дает изменить."
"584326","Я там отклонил вашу тревогу, но похоже что комментарий мой не сохранился, так что продублирую. Речь об этом: http://ru.stackoverflow.com/users/flag-summary/179846?group=1&status=3 Если на вопрос нет адекватного ответа, то вы можете объяснить автору, как его улучшить, и/или проголосовать за закрытие. Модератор ничем не поможет в такой ситуации."
"586975","Если вам дан исчерпывающий ответ, отметьте его как верный (галка напротив выбранного ответа)."
"601461","Это только для вконтакте, а используются так же и другие соц сети"
"605610","pip в анаконде да. а без  анаконды на питоне я мучался с установкой библиотек"
"609274","Включите пару примеров в ответ, пожалуйста. Ссылки имеют свойство протухать."
"619502","Конкретные куски кода, где это возникает покажите."
"619508","@avp добавил куски кода"
"625005","Если вам дан исчерпывающий ответ, отметьте его как верный (галка напротив выбранного ответа)."
"627748","_Как этот код исправить?_"
"627885","спасибо! Именно оно ))"
"637052","@NicolasChabanovsky , хорошо отметил. А если кто-то даст еще лучше ответ, позже, можно ли его потом отметить как верный ?"
"637054","Да, конечно. Для этого нажмите повторно на зеленую галочку (она пропадет) и выберите другой ответ."
"645279","Это у вас случаем не модуль для написания ботов телеграм? :)"
"655112","это узнается в любой доке по linux."
"658607","RTFM!!!!!! Не ну серьезно гугл забанил? Тяжело найти какие типы поддерживает ваша база данных и немного подумат?"
"661892","Советую погуглить про эмуляторы терминалов. Тогда поймёшь, что такое ""терминал убунту"" (на самом деле - GNOME Terminal)"
"663549","@минусатор: А за что минус? Объясните."
"675514","Если вам дан исчерпывающий ответ, отметьте его как правильный, поставив галку слева от ответа."
"684049","эмАлировать запросы... плачу"
"704191","@Grundy да уж, такой объемный ответ выглядит иронично ))"
"742816","IonRod вы путаете понятия префикс/постфикст с семантикой назначения, а это две разные вещи!"
"755959","Спасибо большое!"
"755961","@Ольга хорошо что вы пытаетесь разобраться в таких вопросах, это качество поможет вам быстрее освоить js."
"755965","спасибо за добрые слова =). Я очень любопытная и стараюсь все досконально понять =)"
"786087","Кнопка ""Выплнить код"" у меня не работает. Автор спросил ещё - ""И как называется сам этот процесс?"""
"786130","@0xdb, она и не может работать, так как сниппеты только для демонстрации html/js/css - в данном случае это не валидный код на js"
"816734","не является ответом на вопрос. пожалуйста читайте вопрос прежде чем публиковать ответ."
"826595","Ну так в той литературе и определение термина должно быть."
"828627","Отлично! Благодарю"
"834411","Спасибо большое!"
"834420","Я не мог, там надо было время выжидать. Принял сейчас"
"838327","где вам удобнее, там и прописывайте свои обработчики, о чем тут вообще думать"
"838715","А что по вашему она делает? Вы что-то сами делали чтобы понять?"
"851410","Ссылка на style guide устарела"
"856533","Спасибо большое!"
"865118","http://joxi.ru/YmE8nzNh0BOLVr пока нельзя :)"
"870920","Учитывая, как Вы скрываете имя, оно явно интересное. И в нем вся соль."
"870938","да. Я не вижу теперь ни одной причины, почему это нужно было скрывать. Подобное поведение наблюдается, если либо добавлен специальный манифест к файлу, либо имя файла попадает под спецмаску (либо приложение само попросило это). Omvel - малоизвестная малварь, которая используется для контроля за сотрудниками. Она случайно на машине не установлена?"
"888176","Не является ответом на вопрос. Чтобы оставить свои замечания или попросить у автора внести уточнения, оставьте комментарий к соответствующему сообщению. - [Из очереди проверок](/review/low-quality-posts/144570)"
"897400","Потому что я дурак"
"898919","Спасибо большое!!!"
"911360","Ваяйте... мы всегда подскажем что можно улучшить в ВАШЕЙ реализации!"
"916305","Я умею гуглить."
"917331","Благодарю! Это лучший выход что я видел! Только 1 вопрос, я успел нагуглить тонны текста, и мне больше понравился подобный вариант(его куда легче читать): `<polygon fill=""url(#img1)"" points=""80,0 100,20 100,100 20,100 0,80 0,0"" style=""stroke:purple;stroke-width:1""></polygon>` это чем-то отличается от вашего? Хуже, лучше, без разницы?"
"919485","Видимо, `module` где-то определён. Поскольку на гитхабе этого модуля больше нет (по всей видимости), определение показать не могу, да и вообще пользоваться этим поостерёгся бы в пользу чего-нибудь более обобщённо-HTTP-API'шного."
"920454","Ничего хорошего у вас таким образом не получится. При наведении блок уедет в сторону и малейшее шевеление мышкой вернет его обратно; или если шевеление будет в рамках движения блока, то у вас будет постоянное подергивание блока. На вашем месте, я бы переформулировал задачу."
"932644","Среди онлайн-ресурсов, ориентированных на решение задач есть классный: https://www.codingame.com/home"
"933763","Давайте [продолжим обсуждение в чате](http://chat.stackexchange.com/rooms/56925/discussion-between-qutrix-and-pavel-mayorov)."
"941873","<a href=""whatsapp://send?phone=79xxxxxxxxx"">"
"941899","что-то у вас перебор `if`-ов :)  как то так не проще? https://pastebin.com/EqdrXgkN (примерный код)"
"948542","Эммм.. Написать сервер? Вы имели в виду серверную часть?"
"959821","`setWidgetLayout` используется для установки лейаута при отображении виджетов приложения на главном экране"
"966057","Markdown в html? o_O"
"966063","@qwertiy Ну почему-то вот так думала) А как сделать то, не подскажете?"
"966066","Говорят, псевдоэлементы работают - можно что-то такое попробовать..."
"966069","@qwertiy О чем вы говорите? Давайте по существу, или ничего уж лучше не пишите.   Чтобы добавить псевдоэлемент, нужно к тегу зацепиться, а внутри альтов теги не работают."
"966076","https://habrahabr.ru/post/212397/"
"966078","@Qwerty_Wasd можно и как ответ оформить, наверно"
"966089","Спасибо, учту )"
"966093","@qwertiy полезная ссылка, спасибо. Но оказывается сделать такой текст можно. Ниже есть ответ."
"969978","@Arhad: Судя по длине комментария, это готовый ответ :)"
"969979","@Arhad Вы не перепутали, не -g, а -s?"
"969985","@Arhad, предлагаю оформить комментарий, как ответ."
"970673","отправить блять"
"980162","Хорошо бы уточнить, в «текущей версии» — это в какой? Время идёт, текущая версия меняется."
"982831","Какая ОС у вас?"
"989325","нафига  тут код картинками еще и пережатыми?"
"993927","$Streletz Спасибо, действительно помогло! :)"
"999780","Спасибо большое!"
"1005084","А не надо спорить. ""... между прочим, пари тоже категорически запрещалось"" - Катаев ""Белеет парус одинокий"""
"1005876","А ещё у гитхаба есть десктопный клиент."
"1023780","Нельзя просто так взять и поменять одну модель юзера на другой. Это сложная процедура даже без учёта django-registration https://code.djangoproject.com/ticket/25313"
"1023867","Снесите эту систему и у вас не будет ни каких проблем ;)"
"1024196","@mikhail-vaysman, я конечно понимаю, что вопрос для Google. Но... во первых 12 часов поиска по Google ни чего не дали.... Во вторых можно спросить для начало почему задан вопрос, а не жаловаться как маленький мальчик у которого забрали конфетку... Стыдно как архитектору должно быть"
"1024396","@FoggyFinder исправил"
"1024536","""Вы просыпаетесь в вагоне поезда. Все вагоны поезда соединены в кольцо"" - отлично. Выхода все равно нет, на работу можно не идти, нет смысла даже вставать. И даже какие-то выключатели при таком положении дел совершенно неинтересны. Все просто прекрасно. Я пойду полежать."
"1024920","переведите на русский... ибо вы вопрос задали на ""SO на русском"""
"1027443","Не понял. Какие линии? У вас картинка битая"
"1027444","Только у меня с картинкой беда ?"
"1027446","@MoJlo4HuK, поправил картинку"
"1027489","Последнее поле выше чем все остальные"
"1027755","А еще лучше - не спамить, исправляя вопрос каждые 5 минут"
"1027941","Like от меня________!"
"1028114","Не забудьте поставить себе ""галочку"" через 2 дня."
"1028285","большое спасибо все работает)))"
"1028418","@АлександрПузанов: Ну так что вы хотите? Если вы пишете в один и тот же файл одновременно, одно из заданий завершится неудачно."
"1028477","Вот полный текст задания для более лучшего понимания:Напиши функцию создания генератора sequence(start, step). Она при вызове возвращает другую функцию-генератор, которая при каждом вызове дает число на 1 больше, и так до бесконечности. Начальное число, с которого начинать отсчет, и шаг, задается при создании генератора. Шаг можно не указывать, тогда он будет равен одному. Начальное значение по умолчанию равно 0. Генераторов можно создать сколько угодно."
"1029150","ну дивіться ви ж зрозуміли, знаєте дайте відповідь буду вдячний не знаєте пройдіть мимо,ви ж розумієте якби я хотів я б задав це питання на російській"
"1029236","Это SO на русском, переведите свой вопрос."
"1029382","найми программиста"
"1029508","А что тут оскорбительного-то? https://ru.stackoverflow.com/q/695035/181472"
"1030940","какое мерзкое название. еще бы SweetAssAlert"
"1032005","В опубликованном сообщении не содержится решения вопроса. Когда ваша [репутация](https://ru.stackoverflow.com/help/whats-reputation) достигнет необходимого уровня, вы сможете [оставлять комментарии к любому сообщению](https://ru.stackoverflow.com/help/privileges/comment); на данный момент, пожалуйста, [внесите улучшающую правку в ваше сообщение, чтобы оно отвечало на вопрос без дополнительных уточнений от автора](https://meta.stackexchange.com/questions/214173/why-do-i-need-50-reputation-to-comment-what-can-i-do-instead). - [Из очереди проверок](/review/low-quality-posts/184490)"
"1032051","і знову як завжди більше суєте щодо мови а не на рахунок питання, принципово бо завжди срач починається якшо питання на українській мові 3 задаю тут питання це в 4 і в останнє скоріше всього.СПАСИБІ ХТО ДАВ СИЛКИ ПИТАННЯ ВИРІШЕНЕ"
"1032210","В питанні я не використовую якісь специфічні слова які не зможе зрозуміти росіянин миж з вами зараз нормально спілкуємося в плані розуміння один одного.Тому всі поймуть це питання і відповіть"
"1032331","Очень интересные решения, и ответ великолепный на такой простой вопрос. Спасибо!"
"1032626","а вы проверьте нужно или нет))."
"1032951","Спрашивали алгоритм, в ответе код без каких либо объяснений"
"1033138","`В Chrome, Safari, Opera и Android значение text работает только со свойством -webkit-background-clip.` https://webref.ru/css/background-clip"
"1033254","`$array=json_decode($_POST[""array""], true);` при получении.                                      `""тутURL""/?array=""тутJSONстрока""` для отправки."
"1033382","поправил код в ответе."
"1033700","Закрывающий тег img? Это что-то новенькое"
"1033701","Спасибо, мне помогло :)"
"1033703","@Cheg тьфу, поправил, там div сперва был, забыл)"
"1034073","ошибку допустили в названии свойства - visibility"
"1034090","@Horchynskyi вы сразу тогда описывайте все требования"
"1034092","@Horchynskyi При закрытии чего ? посмотрите пример !"
"1034095","При закритии списка. Так же сделал не срабатывает, может потому что телефонные клики"
"1034099","@Horchynskyi Кликал в примере по квадрату , все плавно работало в мобильной версии с ""тач"" событием , в инструменте разработчика"
"1034102","@Horchynskyi Сделайте пример на jsFidd что можно было понять что не так , и добавьте в описание"
"1034105","все, сработало, просто добавлял height:auto. спасибо"
"1034213","@Cheg, спасибо, помогло"
"1034482","Cheg, всего-то! Спасибо."
"1034491","Однако, такой приём не срабатывает в Firefox."
"1034499","@Андрей исправил ответ."
"1034644","Sultanov Shami спасибо, я новичок в jquery и не знал про функцию each()"
"1034645","Прикольно, не знал :)"
"1034723","Да сработало, спасибо !"
"1034724","Александр, великолепно! Спасибо :)"
"1034726","@Андрей Через несколько минут добавлю ещё несколько способов"
"1034779","Вероятно, Вам стоит оформить ответ в виде отдельного вопроса ""Какие существуют способы позиционирования объектов в SVG файле?"" с этим же ответом."
"1034793","@Андрей лучше оставить всё, как есть. С реализацией вашего предложения могут быть определенные сложности. С удовольствием жду ваших новых вопросов по svg на которые обязательно отвечу."
"1035395","@Cristian тогда отметьте как принятый"
"1035472","@Vadim Ovchinnikov Можно сказать и так. Просто не хотелось бы накладывать картинки."
"1035497","Спасибо:) Верстаю на bootstrap, поэтому ширина div будет подстраиваться под экраны автоматически:) А края треугольника почему шероховатые такие?"
"1035501","Было бы не плохо посмотреть, как будет меняться, когда ширина в процентах)
Можете в ответе дать 2 варианта."
"1035516","""githube"" - не слышал о таком"
"1035523","С резиновой да, конечно, то что мне и нужно, можете показать) В bootstrap блоки резиновые, как раз."
"1035647","То, что надо, спасибо!"
"1036032","Народ, почему вы сами не правите ответ? Я бы согласился с правками да и все."
"1036242","Да, это очень близко, спасибо вам, и удачи!"
"1036320","Спасибо, взаимно)"
"1036512","@Grundy скоростной ты мой, утомил уже) Давай ты будешь сначала до конца читать, а потом что то писать?"
"1036555","Полезно, спасибо."
"1036760","https://ru.stackoverflow.com/a/559151/177345"
"1036956","чувак конец `?>` вообще не нужно писать, если дальше не следует ничего. И куда лучше и проще использовать `<?='TEXT'?>`, за место `<?php echo'TEXT'?>`."
"1036983","Ссылка на убунту не работает"
"1037778","Если это возможно, то да"
"1037786","Спасибо большое! Всё работает как надо."
"1037788","@Алексей если вопрос решил вашу проблему, вы можете отметить вопрос принятым, нажав на галочку рядом с ним"
"1037791","Огромнейшее спасибо, сразу видно руку мастера своего дела!"
"1038753","в developer console я скачиваю сертификат типа .der, потом с помощью консоли делаю .keystore, пихаю его в unity, но он не видит alias, а сделать так чтобы видел, то при билде выдет ошибку ""trusted certificate certificates are not password-protected"""
"1039343","да. мне нужна именно резина. Просмотрел видео. Спасибо! Но к сожалению там растягивается только ширина. сейчас попробую помудрить с высотой"
"1039423","спасибо! ввожу эти параметры, но к сожалению высота не растягивается, в отличии от ширины"
"1039432","@charset ""utf-8"";
/* CSS Document */
вот код css img{
	float: center;
  width: 100%;
  height: 100vh;
}"
"1039433","@charset ""utf-8"";
/* CSS Document */
img{
	float: center;
  width: 100%;
  height: 100vh;
}"
"1039435","<!doctype html>
<html>
<head>
<meta charset=""utf-8"">
<title>HOME</title>
<link href=""style.css"" rel=""stylesheet"" type=""text/css"">
</head>

<body>
<img src=""Lighthouse.jpg"" width=""1000"" height=""1000""  alt=""""/>
</body>

</html>"
"1039448","Интересен тот факт, что всё заработало, как только я открыл с траницу в Chrome."
"1039449","теперь вопрос как адаптировать ее под все браузеры, т.к. IE не реагирует на высоту"
"1039472","странно. почемуто у меня в IE не работает высота. вот код  <!doctype html>
<html>
<head>
<meta charset=""utf-8"">
<title>HOME</title>
<link href=""style.css"" rel=""stylesheet"" type=""text/css"">
</head>

<body>
<img src=""Lighthouse.jpg"" width=""1000"" height=""1000""  alt=""""/>
</body>

</html>"
"1039474","и css   @charset ""utf-8"";
/* CSS Document */
img{
	float: center;
  width: 100%;
  height: 90vh;
}"
"1039478","'<!doctype html> <html> <head> <meta charset=""utf-8""> <title>HOME</title> <link href=""style.css"" rel=""stylesheet"" type=""text/css""> </head> <body> <img src=""Lighthouse.jpg"" width=""1000"" height=""1000"" alt=""""/> </body> </html>'"
"1039479","не пойму как...."
"1039480","`<!doctype html> <html> <head> <meta charset=""utf-8""> <title>HOME</title> <link href=""style.css"" rel=""stylesheet"" type=""text/css""> </head> <body> <img src=""Lighthouse.jpg"" width=""1000"" height=""1000"" alt=""""/> </body> </html>`"
"1039552","Твой ответ хотя бы чем то отличается от двух остальных :) +1"
"1040282","«Нигде не могу найти» — 2 и 3 строчки в гугле по запросу «js css class»"
"1041792","Так как это сборник методик, а не вопрос, то, возможно, тоже имеет смысл и сам вопрос сделать общим."
"1041794","@edem да, я позже попрошу модераторов. Сейчас убегаю"
"1041924","Украине следует захватить Крым у России, тогда гугль сменит карту. Ни чего сложного."
"1042214","Вставляйте ошибки прямо в сообщение, а не ссылайтесь на внешние ресурсы. Сообщения должны быть самодостаточными, ссылки могут служить только дополнением."
"1042512","@alexolut: Да ну его, этот файл!"
"1044275","2 раза даже. сначала записал, потом удалил. Вообще, конечно, внимательнее вопросы читать надо."
"1044929","Приведите пример кода, пожалуйста."
"1045256","@RostyslavKuzmovych на данный момент это строка"
"1045823","надо прописать соответствующие css стили и, если необходимо, изменить разметку"
"1046286","лучше сделать с помощью `html` и `css`, а подстройку значений на `javascript`"
"1047435","Здравствуйте, хоть по ссылке есть ответ, но ссылка может стать невалидной, поэтому, лучше привести код из нее сюда"
"1048648","можно. глазами в мозг."
"1048922","Почему ты решил, что ruSO — это поисковик?"
"1049617","Берёте и указываете относительный путь а-ля `../../dir/bar.php.`"
"1051303","Ещё вопрос. Зачем putty, если есть нативный ssh? Или ты из винды хочешь дёргать по ссх баш ни линуксе?"
"1053482","похоже на эльфийский"
"1054543","При том, что 99% рубистов в РФ не отличают его от рельс. Я об этом уже говорил, но вы слушаете только себя."
"1054557","из какого металла детали? Самому мне это дело не нравится, но рядом на диване сидит консультант."
"1054560","Возможно, стоит заменить хлоргексидин на что-то другое, а то у него там в формуле глюконовые остатки, которыми могут питаться бактерии. Самое тривиальное попробуйте обрабатывать беспокоящие множества точек левомицетином. Для усиления проникновения можете добавить 2% раствор димексида, но стоит учитывать, что последний сам может вызывать раздражение."
"1055167","А мне нужна компания жаркой мулатки."
"1056817","*Объясните.* -- и быстро."
"1058884","Это не по-питоновски совсем. Ужасный код."
"1058887","Я написал в комментариях к ТС. И да, это рабочий пример как абьюзить все питоновские стандарты и идиомы."
"1058897","Мне лень. Честно. А вам бы мужества признать, что написали чушь. Вы хорошо разбираетесь в assembler, к примеру, я зачитываюсь вашими ответами, но здесь... увы."
"1059473","а обязательно кодировать обратно?"
"1060083","Вопрос исчерпан. Спасибо"
"1060199","Вы хотите чего-то очень странного."
"1061289","Может вы всё-таки книжку прочитаете?"
"1062597","Я такие сам писал. Изучал лекции, литературу, смотрел похожие примеры."
"1062627","@КириллМатасов stackoverflow это ресурс ответов на вопросы и решения проблем. Ваш ответ совершенно не соответствует вопросу."
"1065850","@AlekseyTimoshchenko, даю следующее задание: полететь в космос без ракеты"
"1065881","Слово `hack` и ваша фотография профиля меня пугают. Страшно знать что вы собираетесь делать с этой информацией :)"
"1065889","Что за игрулька?"
"1065891","Не знаком с ней, нет к сожалению на вопрос ответить не могу("
"1066107","`решил для себя переделать чит меню` - то есть этим меню будешь пользоваться только ты? зачем тогда это библа доступна для публики? О_о"
"1066977","Возможно. Можно закрывать вопрос."
"1067009","Ты точно уверен, что ширина - это height?"
"1067424","И зачем плодить такие вопросы? http://www.cyberforum.ru/cpp-beginners/thread2033290.html"
"1067447","зачем отвечать не по делу"
"1067484","Чем результаты гугла по запросу «python заглавные буквы» не устроили?"
"1067487","@andreymal  почему мне нельзя спросить тут?"
"1067489","А зачем спрашивать это тут, если ответ можно найти в гугле менее чем за минуту?"
"1067496","@andreymal лол :D"
"1069572","Welcome to StackOverflow in Russian! As the name implies, Russian is the working language of this site. Please either translate your question into Russian or [ask the same question on StackOverflow in English](http://stackoverflow.com/questions/ask). Your question may be closed soon, but it will most likely be reopened if you choose to translate it."
"1070966","это неверно. так проблема была не в конфиге,  представленном в вопросе и не htaccess, а то, что у кого-то в индексном файле отсутствует строка `defined('YII_ENV') or define('YII_ENV', 'dev');`...... она нужна на `dev`..... а на продакшене не нужна, однако на продакшне не нужно и `gii`"
"1071093","Потоков чего???"
"1071094","@Андрей чего чего, программы! :D"
"1071131","`но так как я скинул код файла web.php , то надо было искать проблемы в этом файле` - это называется [ошибка XY](https://ru.meta.stackoverflow.com/a/710/191482)."
"1071341","Ладно, пошел я пить кофе."
"1071700","На вопросы, вызванные синтаксической ошибкой, не нужно отвечать. Надо голоосовать за их закрытие"
"1072450","Не является ответом на вопрос. Чтобы оставить свои замечания или попросить у автора внести уточнения, оставьте комментарий к соответствующему сообщению. - [Из очереди проверок](/review/low-quality-posts/194853)"
"1072580","решил проблему следующим способом"
"1072583","`<DataGridTemplateColumn Header=""Versions"">
     <DataGridTemplateColumn.CellTemplate>
           <DataTemplate>
                 <local:CustomisedUIElement Text=""{Binding Path=Versions}""/>
           </DataTemplate>
     </DataGridTemplateColumn.CellTemplate>
</DataGridTemplateColumn>`"
"1072585","но задаюсь вопросом, правильно ли это?"
"1074307","Не является ответом на вопрос. Чтобы оставить свои замечания или попросить у автора внести уточнения, оставьте комментарий к соответствующему сообщению. - [Из очереди проверок](/review/low-quality-posts/195322)"
"1075061","*Коментировать я к сожалению пока не могу.* — лучший **комментарий** в этом сезоне."
"1075517","по такому же запросу (как в заголовке) в гугле можно кучу ответов найти"
"1075700","`reinterpret_cast` был всегда в c++!"
"1075830","Укажите пожалуйста диалект ассемблера в тегах"
"1076530","код должен быть текстом. а не картинкой"
"1076531","@Grundy нет возможности закопипастить"
"1076532","возвращайтесь как появится возможность"
"1076542","`y нет возможности закопипастить` - в таком случае у нас нет возможности помочь."
"1076565","@АлексейШиманский теперь поможете? )"
"1077030","Вам бы на odesk или где там сейчас фрилансеры обитают. Здесь такие задачи не принято решать."
"1079864","Укажите язык, который вы используете"
"1079866","@Birdy все запросы пишу на C#"
"1079987","там и u не требуется."
"1080290","К слову, тут не только парни, девушки тоже есть."
"1081829","не нажимать на неё?"
"1082907","Гугл по запросу «ip 127 192» выдаёт ответ первой же ссылкой"
"1083097","Матьтваю! Работает! АААА!!!!"
"1083260","@Grundy матом! :)"
"1083425","@StepanKasyanenko  если вкратце: angular.module('ExampleApp', [])
  .controller('ExamTaskController', ExamTaskController).directive(""testTimer"", testTimer);
testTimer.$inject = ['$interval', 'dateFilter'];

function testTimer($interval, dateFilter) {
// все как и раньше
}"
"1083430","angular.module('app').controller('ExamTaskController', ExamTaskController);
    ExamTaskController.$inject = ['ExamService', '$location', 'localStorageService', '$timeout', '$filter'];
    function ExamTaskController(ExamService, $location, localStorageService, $timeout, $filter){
        var vm = this;
        vm.activate = function(){
            vm.leadTime = null;
            vm.currentTime = null;
            vm.leadTime = new Date(Date.now());
}
        vm.activate();
 }"
"1083431","<h4 ng-if=""vm.leadTime"" > Оставшееся время: <span test-timer=""{{vm.leadTime}}"" current-time=""{{vm.currentTime}}"" ></span></h4>
И вот здесь не просчитывает"
"1084349","*""переустановить винду""*"
"1085005","Есть ли какой плагин для этих целей?"
"1085960","-1 - ""времени на изучение ASPX у меня нет."" - надо же было Вам вставить эту фразу!"
"1085972","-1 - ""времени на изучение ASPX у меня нет"""
"1087082","Это просто шедевр!"
"1088170","Не является ответом на вопрос. Чтобы оставить свои замечания или попросить у автора внести уточнения, оставьте комментарий к соответствующему сообщению. - [Из очереди проверок](/review/low-quality-posts/199226)"
"1088622","Матрица - это определение из линейной алгебры. Если никаких типичных для матриц операций вы над своим двумерным массивом не совершаете, то это все еще двумерный массив, а никакая не матрица. Как решается: в две чередующиеся фазы - когда есть возможность тупо прём по нулям к цели; когда упираемся в единицу - начинается обход лабиринта, пока не возникнет условие для первой фазы."
"1089816","Ругается на return inner();"
"1089817","@DivMan да, я два штриха забыл: точку с запятой после `}` (это всё-таки переменная объявляется) и знак доллара перед `inner()` %)"
"1090100","Если не сложно -- подскажите, почему на русскоязычном сайте вы решили задать вопрос на английском языке? Мы [пытаемся понять](https://ru.meta.stackoverflow.com/q/5872/213987), если ли в интерфейсе сайтов какие-либо возможности для улучшения ситуации."
"1090121","A K, прошу прощения, я не заметила язык stackFlow. Мое намерение было задать в английском stackflow. На stackFlow я перешла из поисковика. Это проблема, потому что поисковику я постоянно пытаюсь донести что мой язык- английский.Но бесполезно."
"1090486","""Реализация нужна на Си"" - priceless. For everything else - there is https://ru.stackoverflow.com."
"1091329","Форматирование поправил"
"1091444","ну типа гугл, [тык](http://www.cyberforum.ru/cpp-beginners/thread1250322.html)"
"1091557","**видпрвиты** - это что за новый термин?"
"1092569","@NickVolynkin тогда следует куда-то деть метку python"
"1094121","Ответ - нет. См. [старый вопрос](https://stackoverflow.com/questions/33746680/web-application-access-users-file-system)"
"1094308","текстовую информацию лучше прилагать в виде текста: а) читать легче; б) можно копировать; в) поиск работает. исправить текст вопроса можно, нажав [edit] ниже текста вопроса"
"1095901","Сниппет сделай."
"1098086","Благодарю Вас! Всё заработало!"
"1099474","что вы имеете ввиду под перебором и 'неудобно'"
"1099480","max-weight --> max-width"
"1099482","Спасибо, уже исправил)"
"1100301","у него похоже синхронный попен."
"1100327","И в чем же у вас возникли сложности?"
"1101665","Какое отношение вопрос имеет к java?"
"1102342","@jfs, давай удалим весь офтопик?"
"1102366","@KoVadim Лайнландия представляет из себя одномерный мир, являющийся прямой, на котором распологаются N городов, последовательно пронумерованных от 0 до N - 1 . Направление в сторону от первого города к нулевому названо западным, а в обратную ""— восточным.

Когда в Лайнландии неожиданно начался кризис, все были жители мира стали испытывать глубокое смятение. По всей Лайнландии стали ходить слухи, что на востоке живётся лучше, чем на западе."
"1102367","Так и началось Великое Лайнландское переселение. Обитатели мира целыми городами отправились на восток, покинув родные улицы, и двигались до тех пор, пока не приходили в город, в котором средняя цена проживания была меньше, чем в родном."
"1103261","Мой вам совет, изучите сначала азы Python, а потом пытайтесь парсить сайты или что вы там хотите делать"
"1103509","Скажите, а вы ответы галочками не отмечаете из принципа, или не один ответ в ваших 17 вопросах не помог вам?"
"1103875","@Akina, поправил."
"1105005","https://google.gik-team.com/?q=add_theme_support"
"1105870","Сылка на документацию -http://api.jquery.com/not/"
"1105873","1.Берем елемент li , при клыке по елементе вызываем функцию ($(""li"").click(function())
2.Берем етот же елемент, по которому был клик и добавляем ему клас. $(this).addClass('active');
3.Далше берем все елементи li кроме того по которому был клик, с помощю функции .not и удаляем остальным класс (ектив)."
"1106300","Хотя по ссылке можно найти ответ на вопрос, лучше указать здесь самое главное, а ссылку приводить в качестве источника.  Если страница, на которую ведет ссылка, будет изменена, ответ-ссылка может стать недействительным. - [Из очереди проверок](/review/low-quality-posts/203770)"
"1106374","@cheops, поправил"
"1107978","Вроде как ангуляр уже устарел"
"1108169","данный вопрос в виде картинки следует закрыть, потому что он бесполезен для базы знаний (тот, у кого возникнет подобный вопрос, не сможет найти данный вопрос и ответы к нему)"
"1108174","@alexander barakin а мне что делать? Ответа на данный вопрос я не нашол..."
"1108193","предлагаю начать с замены картинки текстом."
"1108282","@alexander barakin надеюсь теперь поможете?"
"1108569","Если бы не Голливуд, то  мы бы никогда не узнали, что восемнадцатилетняя блондинка может быть всемирным экспертом по ядерному оружию... :-) Если бы не stackoverflow, то  мы бы никогда не узнали, что восемнадцатилетняя шатенка может искать коннект в сокете... :-)"
"1109333","Блондинка собирается в поход:
-Надо взять стринги...Так,что ещё? А,стринги!И ещё стринги!
-Дочка,ну ты палатку хотя бы взяла?
-Мама,будут стринги-будет и палатка,и спальник,всё будет!

будут стринги будут и коннект на сокете"
"1109561","Капитан Очевидность замечает, что это зависит от используемого редактора"
"1109569","Значит от редактора,ок...просто у меня,что в notepad++,что в sublime одинаково '-->' остается"
"1110492","А при чем тут Delphi?"
"1110497","@ВладимирМартьянов подправил"
"1110577","всё не так. не пытайтесь заниматься преждевременными оптимизациями."
"1110837","зачем в вопросе метка javascript?"
"1110965","Предоставьте код в виде текста, а не картинки"
"1111767","`setInterval(function() {this.increment()` <- тут this будет уже другой. Так что так код переписывать нельзя. Работать не будет"
"1111884","тогда начните с того, что опишите проблему нормальным языком без ""фичь"" и тому подобного"
"1112532","@Anatol не понимаю. Почему кидает исключение, хочу решить эту ошибку."
"1112635","@Андрей Да. Я думал может какой то вспомогательный класс сделать и из него как то передавать."
"1112946","У него объект-приёмник является экземпляром класса, который наследуется от `QThread`, и в котором запущен event loop."
"1114200","...возьмите перерыв а затем вернитесь к проблеме - ваш вопрос не имеет смысла."
"1114572","Как вы пытались эту задачу решить? Что конкретно у вас не получилось?"
"1114602","Зачем вы дробите все на столь мелкие сущности - непонятно."
"1114603","Нет, это ВАША задача!"
"1114743","Отдельный каталог, лежащий рядом с основным файлом приложения. При использовании относительных путей проблем быть не должно."
"1114749","А какое дело компилятору до времени выполнения?"
"1114820","@Bumable если вы хотите получить ответ на свой вопрос, то лучше не игнорировать вопросы, которые вам задают."
"1115090","скажите просто ка передать url  в переменную instance. буду очен благодарен."
"1116044","Да хватит уже спамить!!! Модераторы, вы где?"
"1116212","Это русское сообщество SO. Пожалуйста переведите ваш вопрос на русский язык."
"1116334","тоже раньше об этом думал, думал есть альтернатива, спасибо!"
"1116344","@Duoxx: Пожалуйста!"
"1116487","And now in Russian, please!"
"1117285","""На картине изображено,как был ветреный и дождливый день"" неплохо.. Знаки вроде верные. Только точек с запятыми не хватает на концах строк, а то не похоже на алгоритм.."
"1117341","очевидно, что большинство привыкло отвечать на однотипные вопросы, чаще всего приводя такой же однотипный пример. Мой вопрос не из их числа, для его ответа знания нужныы"
"1117638","В вашем вопросе вопросов несколько, всё перечисленное — совершенно разные никак не связанные друг с другом задачи, разделите их."
"1117781","@Anatol спасибо за подсказку. Посмотрите пожалуйста правильно ли я перестроил запрос, если вам не сложно. По моему смысл не изменился. Сейчас ещё explain plan приложу."
"1117842","@Anatol повлияло, я имел в виду вы не могли бы сравнить, я нечего не упустил?"
"1117846","@Anatol попробую, в остальном всё работать будет так же? Выбираться будет так же? Я просто немного не пойму всё ли я правильно переписал. Если не сложно проверьте пожалуйста."
"1117850","@Anatol, что с лефтом, что с таким вариантом как предлагаете вы, скорость одинаковыая"
"1117853","@Anatol есть смысл переделывать так как вы сказали или оставить мой исправленный вариант?"
"1117869","@Anatol спасибо большое ещё раз за помощь. Если хотите можете оформить как ответ, я закрою тему."
"1119434","Это возможность. Попробуйте поискать в Internet."
"1120384","<script src=""/js/main.js"">"
"1120886","ммм... Завершить работу, вынуть жесткий диск и подключить его к другой физической машине :-D"
"1121805","Из ссылки выше: ""... затем делаю редирект пользователя со страницы авторизации на бота."" Т.е. сюда редирект https://telegram.me/username"
"1123460","В свое время было правило: не работайте с GUI не из того потока, в котором его создали. Может сейчас что-то поменялось, а может вы столкнулись с этим же..."
"1124296","Не к той view обращаетесь. Нужно задать id ConstraintLayout'у в loading_progress.xml и достать его с помощью `findViewByID()`."
"1124526","В вопросе содержится только текст задачи. Покажите ваши попытки решения."
"1124550","@ЗвягинцевДенис добавил"
"1124587","@jfs Я опечатался, исправил. Добавил пример"
"1124799","По статические анализаторы не слышал?"
"1124802","@АлексейШиманский а про статические анализаторы можешь прокомментировать?"
"1124818","@АлексейШиманский Слышали про них?"
"1125431","Сомневаюсь, что есть что-то подобное в api карт."
"1126090","Я бы лично вообще бы запретил публиковать книжки Шилдта - это же просто шарлатан, я помню в детстве были его книжки типа: *Basic/Pascal: руководство/библия для начинающих/профессионалов* - вот он навсегда остался там, не надо ему писать ни про C++/Java - не его это."
"1127029","+1 за ""С начало"". К сожалению, не могу поставить еще один плюс за ""не то не другое""."
"1127039","Солидарен с @Igor, плюсанул за ""не то не другое""."
"1127778","'album/<slug:.+>'=>'site/album/',"
"1127849","@Drakonoved это я когда вопрос создавал ее добавил. а так проблема актуальна"
"1127858","@Grundy широта и долгота"
"1128173","@Arhad , добавил нужную информацию в сам вопрос"
"1129370","@jfs, а если `floathex_to_binary(float.hex(0.515))`?"
"1129406","@jfs, хм.. я невнимательный. Значит просто лишняя функция?"
"1130756","на какой строке ругается? Приведи полное описание ошибки в вопросе"
"1130760","Хорошо. Исправил."
"1130967","`function  blah(){}
alert(blah.name); // ""blah""`"
"1131424","[в 7 классе про контейнеры не рассказывали] Нагружать все больше нас. Стали почему-то. Нынче в школе первый класс. Вроде института. Не бываю я нигде. Не дышу озоном. Занимаюсь на труде. Синхрофазотроном. :-)"
"1131474","прочитать их из файла и положить в ListView. ""сарказм"". Добавьте код, который вы написали."
"1131757","у хайчартсов одна из наиболее нормальных документаций из всех чартов с чем я работал, там примеров тонна."
"1131871","может потрудитесь написать в чем была разница, и можно ли как то еще это написать? а также что bind это люто устарело? и отступы в код добавить заодно"
"1132284",".........зачем?"
"1132505","@And точно... DaemonHK, уже ответил...)))"
"1132506","@Air, плюсанул."
"1132522","Welcome to StackOverflow in Russian! As the name implies, Russian is the working language of this site. Please either translate your question into Russian or [ask the same question on StackOverflow in English](http://stackoverflow.com/questions/ask). Your question may be closed soon, but it will most likely be reopened if you choose to translate it."
"1132538","@And принятый ответ это когда зеленая галочка стоит))"
"1132544","@DaemonHK, а And, при чем? он не автор вопроса... ты о чем? он просто плюсанул твой ответ)))"
"1132731","select{
    outline: none;
}"
"1132825","не использовать слова ""типо"" и ""налаживались"""
"1134110","Вот, граждане. Учитесь, как надо задавать вопросы. Коротко и по существу."
"1134273","Поддерживаю Telion и Алексея Шиманского с массивом"
"1134283","А зачем вам это? Наверное, о безопасности думаете, да?"
"1134339","kud kudaaahhhhh"
"1136409","Людям угадать, как и что ты там делаешь?  привет выложи!!!!!!!"
"1136415","@Air привет!!!!"
"1136417","@DaemonHK привет"
"1137603","Почему в тэгах вы указали С#, а код я читаю на С++? Не надо вводить людей в заблуждение"
"1137701","Спасибо, с endl теперь выводится. Почитал про явный вызов деструктора и последую вашему совету, использовав delete."
"1138226","Прошу прощения ! Я случайно Enter нажал. Не минусовать. Вопрос будет!"
"1138898","Нужно - сделайте :)))"
"1138965","Как организовать мини диалог с ботом?  Человек нажал кнопку «Добавить номер». Бот предлагает ему ввести номер. Человек отправляет номер, если номер соответствует условию, то сохранить в переменную, иначе отправить сообщение о неверном вводе и попросить ввести номер заново... Тоже самое с другими кнопками..."
"1139135","JoniEnglish, тебе удочку или рыбу?)))))"
"1139562","Помогите пожалуйста."
"1139616","@Arhad ты какой-то дубликат совсем не в тему выбрал. там вообще о другом"
"1140213","Наверное, специально, чтобы вас порадовать."
"1140345","@AntonShchyrov  выдает ошибку в логе на Document document = documentBuilder.parse(strArray1);
вроде вот сама ошибка: error while parsing protocol: invalid lob locator id (piecewise lob reading)|"
"1140563","Например в том, что вас развели на бабки."
"1140567","@andreymal: *""Алсо, менять суть вопроса уже после того, как дан ответ, не очень хорошо""* (вы забыли слово *""якобы""*) вы себе противоречите [*""С чего это вдруг суть ответа стала превыше сути вопроса?""*](https://ru.meta.stackoverflow.com/q/6181/23044)"
"1140575","@jfs если бы я себе противоречил, я бы молча откатил правку, защищая свой ответ, а так я ограничился небольшим замечанием в комментариях, не требующим каких-либо действий, всё в порядке (я ждал этот комментарий)"
"1140597","@Arhad, на своём он корзину настраивает, кажется..."
"1140598","@andreymal текст внутри кавычек выше это не пересказ, который мог бы как-то исказить смысл ваших слов, а *буквальные цитаты* буква в букву. Признак закоренелого лжеца: продолжать отрицать, даже когда на горячем попался."
"1140602","@jfs увы, у вас проблемы с логикой."
"1141185","вам не надоело из вопросов и ответов делать чат? это не формат ruSO. Прекращайте"
"1142158","что вы имеете в виду под `выставление шрифта помогает?` ? Куда шрифт надо выставлять? На улицу? Есть шрифт в формате otf, есть объект label в котором надо вывести текст этим шрифтом, не устраивает межбуквенный интервал, хочу его увеличить, как в ворде. Какие есть варианты?"
"1142177","У дизайнера спросить как сделать данный элемент"
"1143176","Мужик я JS балуюсь 2 месяца понимаю var c =  5; (утрирую) Мне код был нужен рабочий обратился к сообществу кодеров в бесполезный мертвый support QIWI, ошибся, лучше обратиться к своему уму.  !Vanilla.JS!;) ты неужели не понял для чего здесь это=>  !   ! и это=> ;) для того что я обожаю фреймворки ;)  ??????"
"1143377","Киньте пару баксов - вдруг дойдет."
"1143392","Вас перенаправило сюда с enSO? Здесь надо писать по-русски."
"1143424","@0xdb спасибо, исправил"
"1143800","Необходимо определить в классе view2 статический метод ontimeraction.  Этот метод отображает на экране заданный наследник data.  Вибрать для этого win32 таймер собственный интервал повторных вызовов. Установить реализованный метод view::ontimeraction(), на вызов в таймере. Таймер должен сработать всего 4 раза. Метод должен виводить на экран данные про текущий асоциируемый объект данных."
"1144045","@Arantler: попробуйте нажать на ссылку в вопросе."
"1144304","Представляю себе следующий вопрос: «Какое-то расширение не даёт AdBlock’у блокировать рекламу, как всё же заблокировать её?»"
"1144806","вот еще интересный пример: https://gist.github.com/ProProgrammer/c02aed13b699d85f40e9"
"1146767","Не является ответом на вопрос. Чтобы оставить свои замечания или попросить у автора внести уточнения, оставьте комментарий к соответствующему сообщению. - [Из очереди проверок](/review/low-quality-posts/214100)"
"1148875","Не понятно чего править, когда нет кода. Добавьте ваш [mcve]"
"1151828","передаем строку ""123qweab"" не подходит  передаем ""ab"" подходит, передаем ""abab"" подходит"
"1152249","Это на каком языке написан Google translate использовал :)"
"1152749","нет, url адрес."
"1153536","я пытался(99990"
"1153663","да да, я просто хочу сделать грязные делишки))"
"1154123","пишите обоснованный ответ, чтобы следующие читатели могли понять почему так не стоит делать."
"1154127","@Виктор да я вообще ответ переписал, спасибо, что напомнили :)"
"1154594","Не работает, может что то не так делаю, я в вопрос скриншот добавил."
"1155419","Спасибо. Но еще не понятно. Можете пример скинуть?"
"1155422","Если у вас все номера начинаются +380 зачем их в поле ввода водить каждому пользователю? Можно вводить остальные цифры и не мучатся с маской."
"1155431","Ошибка: unhashable type: 'dict'"
"1155517","Решил. Если кому поможет:prices = [types.LabeledPrice(label='Working Time Machine', amount=5750), types.LabeledPrice('Gift wrapping', 500)]"
"1157688","Вам нужно открыть спецификацию с++ и внимательно её изучить."
"1158874","И? Какой ответ Вы хотите получить?"
"1158878","@olegin вам стоит прочесть правила https://ru.stackoverflow.com/help/how-to-ask и https://ru.stackoverflow.com/help/on-topic"
"1158892","`Интересно посмотреть решения какие могут быть` - решения могут быть разные"
"1159093","В моем ответе не фантазий. Я дал честно описал ситуацию и дал ссылку на ваш ответ. Они в вежливой форме порекомендовали никого не обижать и дали ссылку на ru.meta.stackoverflow.com/a/3924/6.  В связи с тем, что вы не внимательно читаете технические вопросы и уточнения к ним я вам ее повторил. Это видно из последней рекомендации про удаление вопроса."
"1159094","Еще раз повторяю я не спрашивал совета по удалению комментариев и использованию справки php.net. Если вам не нравится мой вопрос голосуйте против, но не пишите свои пространные ответы, которые не относятся к вопросу."
"1159777","Не является ответом на вопрос. Чтобы оставить свои замечания или попросить у автора внести уточнения, оставьте комментарий к соответствующему сообщению. - [Из очереди проверок](/review/low-quality-posts/217458)"
"1159931",".кнопка{     border: 9px solid #00000063;
    padding: 12px;
    border-radius: 100%; }"
"1159937","это то что вокруг белого фона"
"1160001","Спасибо большое, прям выручили. А то я никак понять не мог :c"
"1161053","Заплатите $100 или ваша история будет отправлена вашим друзьям и родственникам."
"1161517","Это исчерпывающий и четкий ответ. В течение трех дней перепробовал кучу вариантов, даже обращался в поддержку... И только вот это краткое и конкретное решение помогло!"
"1161744","Разместите свой код нормально, в текстовом виде."
"1161837","исправился... Но нужна ещё помощь"
"1164788","Попробуй - потом расскажешь.."
"1166514","@VasylKolomiets Динамика движения сферического коня в вакууме?"
"1167232","пример url: http://heroine.lc/wp-content/uploads/2017/10/13/мини-300x209.png"
"1167591","У меня сработало когда я поменял"
"1167955","Thank you very much"
"1169957","@Abs3akt, а что означает `Как изменить тип данных переменной с помощью ToString`? И как оно относится к вопросу? Моё всяко лучше, а вообще не надо было трогать авторский заголовок"
"1170568","@Igor, поднял настроение)))), умница..."
"1170814","Первейший вопрос - а вот зачем эта статистика нужна ТЕБЕ? А включать в свой софт непонятно что, исключительно ради  того, чтобы он стал тяжелее, тормознее и трафикопрожорливее... ну как минимум странновато."
"1171856","Тут не решают лабораторные работы студентам."
"1171960","Возможный дубликат вопроса: [Как вернуть значение из события или из функции обратного вызова? Или хотя бы дождаться их окончания](https://ru.stackoverflow.com/questions/554290/%d0%9a%d0%b0%d0%ba-%d0%b2%d0%b5%d1%80%d0%bd%d1%83%d1%82%d1%8c-%d0%b7%d0%bd%d0%b0%d1%87%d0%b5%d0%bd%d0%b8%d0%b5-%d0%b8%d0%b7-%d1%81%d0%be%d0%b1%d1%8b%d1%82%d0%b8%d1%8f-%d0%b8%d0%bb%d0%b8-%d0%b8%d0%b7-%d1%84%d1%83%d0%bd%d0%ba%d1%86%d0%b8%d0%b8-%d0%be%d0%b1%d1%80%d0%b0%d1%82%d0%bd%d0%be%d0%b3%d0%be-%d0%b2%d1%8b%d0%b7%d0%be%d0%b2%d0%b0-%d0%98%d0%bb%d0%b8-%d1%85%d0%be%d1%82%d1%8f-%d0%b1%d1%8b-%d0%b4%d0%be%d0%b6)"
"1171978","В настройках nginx или apache"
"1172698","ПАМАГИТИИИИИИИИИ))"
"1173101","Попробуем, спасибо)"
"1173898","Не является ответом на вопрос. Чтобы оставить свои замечания или попросить у автора внести уточнения, оставьте комментарий к соответствующему сообщению. - [Из очереди проверок](/review/low-quality-posts/221119)"
"1174403","@Viktorov я свой коммент удалил уже. думал у человека уже результат запроса написан, а там уже явно полное соединение,  а там подписано оказалось ""должно получится"", а не ""получается""."
"1174626","Если уж так говорить, то вопрос изначально был задан некорректно. Я не понимаю, почему люди не могут гуглом пользоваться, это что так сложно?"
"1175254","Вам на http://bitvaextrasensov.tnt-online.ru/ (может там сумеют телепатически узнать ваш код)"
"1175295","<pre><code>@Override
    public void draw(Canvas canvas, Rect rect) {
        float cellSize =(float)(rect.right - rect.left) / size;
        for (int i = 0; i<size; ++i){
            for (int j = 0; j<size; ++j){
                if (!array[i][j]) {
                    float left = j*cellSize ;
                    float top = i*cellSize;
                    canvas.drawRect(left, top, left+cellSize, top+cellSize, paintMaze);
                }
            }
        }
    }</code></pre>"
"1175380","Начните лучще с того зачем оно вам."
"1176699","При запросе доп товаров поставить условие `WHERE id != {$currentId}`, как это реализовано в wp даже не знаю, вполне вероятно что придется писать свой запрос вместо стандартной функции."
"1177738","Приведите Ваш код и укажите, что не получается."
"1177950","предоставить свой конфиг, в частности urlManager - было бы неплохо. И описать конкретнее что именно не работает. А что, неожиданно, работает"
"1177965","@DarkByte Голую регулярку из конфига - не достаточно. нужен конфиг. И возможно примеры объявления тех самых методов. Если вам больше нечего предоставить - то и разговор ни о чём. Ибо регулярки рабочие"
"1178398","Не указано ни языка, ни конкретной сути вопроса и не приложено ни строчки кода. Платите - сделаем за вас. Ну или показывайте что сами сделали"
"1178459","Предложите свой вариант решения, и если там будут ошибки -  Вам подскажут. Без Вашего варианта решения здесь никто Вам помогать не будет."
"1178501","БЛ ИЗИ ТУПО ЮЗАТЬ KeyReleased ВМЕСТО KeyPressed ЛОЛОЛО ТОЧНО"
"1178587","Кажется, вы не понимаете что такое аргументы функции, возвращаемое значение и область видимости"
"1179692","у меня они ораньжевые"
"1179747","`NullPointerException` уже другая история. И довольно банальная, достаточно в поиск сходить."
"1179783","Ну и за что минус?"
"1180324","Товарищ, используй какой нить онлайн конструктор таблиц и не парься)"
"1182242","Немного - это насколько? 20%, 0%? :)"
"1182243","Используя цикл с шагом"
"1182424","спасибо, справедливо."
"1182481","https://docs.python.org/3/library/html.parser.html"
"1182507","данный вопрос следует закрыть, потому что [вопросы о том, где найти программы, библиотеки, учебники по программированию и администрированию — не стоит задавать](//ru.stackoverflow.com/help/on-topic)"
"1182934","15 лет новичком быть - это, конечно, мощно"
"1182936","ахахахааххахха, с чуством юмора у вас все хорошо)"
"1183111","Please use https://stackoverflow.com, dat site is only for Russian members"
"1183616","Думаю, что на фрилансе помогут быстрее"
"1184519","А какой тип используется в Питоне для работы с числами, Double какой-нибудь, с точностью до 18 знаков?"
"1185193","@Viktorov в первом есть distinct"
"1185196","@Viktorov всегда был"
"1186125","@Vlad Spirin - уважаемый, а вы зачем превратили картинку в ссылку?"
"1187388","Всё, что может быть расшифровано, будет расшифровано. Вам зачем шифровать?"
"1187391","@andreymal чтобы это не выглядело так открыто как это на самом деле есть"
"1187393","Зачем вам нужно, чтобы это не выглядело открыто?"
"1187398","Ну так вы не показывайте логин и пароль никому ни в каком виде — и ничего не надо будет шифровать ;)"
"1187400","@andreymal это конечно интересное замечание. Просто мне казалось что лучше как то это скрыть от других глаз :)"
"1187401","Просто не показывать это другим глазам — самый лучший и единственный надёжный способ скрыть это ;) Все так делают, и почему вы не можете делать так же, мне пока непонятно"
"1188614","Глупость......."
"1188896","https://stackoverflow.com/questions/2091465/how-do-i-pass-data-between-activities-in-android-application"
"1189966","Алексей желаю Вам в новом году не сталкиваться с таким же хамством, которое Вы здесь демонстрируете."
"1189984","ну и \*facepalm* конечно"
"1190232","а теперь ты должен закрыть вопрос дублем https://ru.stackoverflow.com/q/683190/191482 !! :)"
"1190252","Так неважно. Это же дубликат того. Лицемер)"
"1190370","Судя по твоей логике - очевидно, есть в какую. Но я уже всё понял, можешь не отмазываться ;-)"
"1191570","Что мешало Вам выложить код в виде текста, а не картинки?"
"1191677","грубо говоря в таблице на одной строчке должно быть key = emkost AND value = 510 аналогично  key = tok AND value = 54......а в данной выборке это будет не так"
"1192885","Наверное разумнее было бы проверять более простое условие в первую очередь: `if (mas[i][j] != 0 && find(vector2.begin(), vector2.end(), mas[i][j]) != vector2.end())` Зачем делать тяжелый `find` если заранее известно, что от него ничего не зависит?"
"1193743","mysqli использовать вообще никогда не надо"
"1194557","Ваш вопрос грубо говоря звучит так: ""Как не позволить пользователю, на стороне пользователя сделать выбор"". Какая разница изменил пользователь значение руками или с помощью скрипта?"
"1194889","@pavloff дядя ты кто?))"
"1195248","Так-с, спасибо за отзывчивость!"
"1195840","Это вопрос не по программированию, а по математике."
"1195931","https://ru.stackoverflow.com/questions/768008/%D0%92%D1%8B-%D1%81%D0%BB%D0%BE%D0%BC%D0%B0%D0%BB%D0%B8-%D0%BC%D0%BE%D0%B9-stack-overflow-%D1%87-%E2%88%9E"
"1195991","`pyghton...` - правильно ""pighton"""
"1198488","Прочитайте первую фразу моего ответа ""Во время события wp_enqueue_scripts вызывается функция my_theme_scripts"". Вложенность для переопределения не используют, делают совсем по-другому. Мой ответ - не бездумная копипаста, как у вас, а отлаженный код, да еще и с объяснениями. Баллы свои можете себе назад забрать, у меня их достаточно. Но в следующий раз разгребайте говнокод из вашего вопроса сами."
"1199338","внутренней нужно"
"1199976","Вопрос переработан, прошу прощения. Такого больше не повториться"
"1200060","А без регулярки ничего не работает!"
"1200064","у тс указано несколько ""требований"": пробел, дефис и символы! Что он подразумевал под символами можно только гадать. И второе - в случае, если текст в поле не проходит условия, то нужно выдавать ошибку. У вас ни того, ни другого нет."
"1200074","Любопытно было бы на тебя взглянуть, если бы у тебя было все кроме роста...."
"1202297","Вы можете поставить внутри функции условие и breakpoint только если оно выполнитсяю"
"1202341","@VasylKolomiets слово ""пробивается"" ничего мне не говорит. Задайте отдельный вопрос, где подробно описано что вы хотели получить (конкретный вывод), что по шагам вместо этого происходит. Приведите явные версии ПО (IronPython, MS VS, Windows). [mcve]"
"1202456","Маппинг - не...?"
"1202594","Кирилл, приветствую вас!"
"1203244","На то регистрация на имейл и подтверждение и придуманы, чтоб не автоматизировалось это, а руками делалось. Давайте, помогайте абузеру. Русское СО такое русское."
"1203323","']' в конце допишите. но в результате весь массив будет заполнен None"
"1203345","Удивительно, что автор принял и этот ответ тоже, ведь он не решает ни одной из проблем, обозначенных в вопросе (в котором, кстати, правок не было)"
"1203355","обожаю `numpy` :-)"
"1203684","Переформулируйте свой вопрос, дополните его кодом, и т. д. Перечитайте пожалуйста, как вопросы оформлять: https://ru.stackoverflow.com/help/how-to-ask"
"1203970","Спасибо за помощь"
"1205268","Если под javascript подразумевается не только клиентский, но и серверный (nodeJS), то можно."
"1205408","Спасибо, попробую."
"1206491","в properties добaвьте `<maven.compiler.source>1.6</maven.compiler.source>`"
"1206543","`<project>
.... 
  <properties>` в pom.xml file"
"1207561","То что надо! Просто и легко! Спасибо."
"1208128","EvgeniyZ спасибо большое"
"1208164","@DimaRoik, если ответ решил вашу задачу — примите его (галочка слева под кнопками для голосования)"
"1208634","@Viktorov Да, пожалуй. убрал фразу :)"
"1209039","Пожалуйста, не ставьте метку c++ для winforms. C++ и C++/CLI это совсем разные языки."
"1209418","@Андрей NOP, спасибо. Не понял как это получилось. По всей видимости после корректировки ответа. Сейчас поправлю."
"1209550","ссылка на решение не является ответом. Изложите суть решения прямо в ответе или просто как комментарий публикуйте ссылки"
"1209566","Хотя по ссылке можно найти ответ на вопрос, лучше указать здесь самое главное, а ссылку приводить в качестве источника.  Если страница, на которую ведет ссылка, будет изменена, ответ-ссылка может стать недействительным. - [Из очереди проверок](/review/low-quality-posts/230035)"
"1209572","@VasylKolomiets обратитесь на Мету и спросите: является ли ссылка на решение ответом на Stack Overflow."
"1209578","@jfs - настоящий полковник.
И я вам тогда скажу - обратитесь к Христу и научитесь любить людей. Для начала - себе как образ Божий.
Покайтесь и веруйте в Евангелие."
"1211179","не стесняйтесь кидать рефки"
"1211344","Не по теме, но вот из-за таких и не приятно посещать ваши сайты"
"1212052","Один вариант хедера , в другой хедер другой вариант хедера"
"1212598","Я ещё не достаточным количеством репутации владею) как только получу, так сразу всё будет 
П.С. это не выпрашивание голосов)"
"1212629","Для ответа точно не нужна репутация, иначе бы новички, которые не задают вопросов не смогли бы начать отвечать"
"1212889","Хотя по ссылке можно найти ответ на вопрос, лучше указать здесь самое главное, а ссылку приводить в качестве источника.  Если страница, на которую ведет ссылка, будет изменена, ответ-ссылка может стать недействительным. - [Из очереди проверок](/review/low-quality-posts/230997)"
"1213298","Копай в сторону string.toUpperCase()
https://stackoverflow.com/questions/1027224/how-can-i-test-if-a-letter-in-a-string-is-uppercase-or-lowercase-using-javascrip"
"1213311","Ой, это я ошибку допустил, надо только заглавные каждого слова"
"1213474","ну так инспектор кода покажет"
"1213818","ERROR [42000] [Microsoft][Драйвер ODBC dBase] Ошибка синтаксиса в инструкции CREATE TABLE."""
"1214504","В частности интересует, что значит путь в строке Fann fann = new Fann(""/path/to/file"") в офиц документации"
"1214737","@Viktorov то ж чужие) если не сложно можете оформить ответом, пожалуйста)"
"1215218","@diraria ответы - в ответы."
"1215644","Собирался написать в заглавии =>внутреннее устройство массива..."
"1215832","А, о какой именно базе данных идёт речь?"
"1215834","База данных firebird"
"1216353","Непонятно что с чем не совпадает"
"1216700","Спасибо за ответ)"
"1216769","Пишет: неизвестное имя readIn;"
"1219154","И чем же вам помочь ? Обратите внимание, ""помочь"" и ""написать за вас"" это разные вещи. И чем вам ""источники"" не угодили ?"
"1219436","Sql injection. Sql injection. Sql injection."
"1220256","mysqli_real_escape_string - это самый ужасный вариант ""защиты""."
"1221383","Вы уверены, что Ваша фамилия пишется именно так?"
"1222583","y,x= int(inpyt())
if ((x==0)or(x==10))and((y==0)or(y==5)) 
    print(""точка лежит на границе"")
elif
if ((x>0)and(x<10)and(y>0)and(y<5))
    print(""точка принадлежит"")
else
    print(""точка принадлежит"")                                                                                                         подчеркивает, указывая ошибки в написании"
"1223084","@edem Дополнил."
"1223312","@Streletz, у `First` есть [перегрузка, принимающая предикат](https://msdn.microsoft.com/ru-ru/library/bb535183(v=vs.110).aspx). `Where` не нужен"
"1224296","Ну так и фильтруйте события по попаданию в видео"
"1224720","Кому как. Если вы спрашиваете, есть основания думать что вам - любые."
"1226450","Добро пожаловать на Stack Overflow на русском!"
"1227167","Danya, Не красиво оставлять без внимания людей которые помогают...  Можно принять ответ, если ответ помог..."
"1227183","@PavelNewSky, откуда их столько желающих странного на winforms набежало?"
"1227344","Очень благодарна за подсказку. Мне еще учить и учить..."
"1228285","Спасибо огромное! Добрые люди))"
"1228332","лучшее спасибо - отметьте ответом, поставьте плюс"
"1229645","понял, спасибо!"
"1229712","Что за день....)))  Кто то сто пудов прикалывается....   Одно образные вопросы.... За утро третий подобный вопрос из прошлого века...  Видать кто-то машину времени изобрел))))"
"1229765","""но есть мнение что можно проиграть в скорости"": мнению доверять не стоит, возьмите и померяйте. Я вот не знаю, что будет быстрее: сходить в базу MSSQL за громоздким объектом или сходить в WCF службу за кешем этого же рассчитанного объекта. Но вообще, я бы пожалуй сто раз подумал на тему, а нужен ли вообще этот кеширующий сервис. А раз вы обходитесь без профилировщика, а тыкаете наугад - то легко ухудшить архитектуру из благих побуждений. Цифры, цифры где? Сначала сделали кеш ""наверное, может тормозить"", потом думаем ""а не слишком ли кеш медленный"" - и всё это без точных замеров, Карл!"
"1229830","Когда использую set_Option выдает ошибку: 
Call to undefined method DOMPDF::set_Option() in..."
"1229954","Предлагаете за вас код писать?"
"1229986","Нужно исправить - исправьте."
"1230555","какая причина тому, что в 2018 году вы верстаете на float?"
"1231761","Если действительно знаете китайский и английский (и русский), то езжайте в Китай - там вас примут с распростёртыми объятиями. Будете жить как белый человек (хех), обучая китайцев иностранным языкам."
"1232028","Kromster, спасибо большое, выручили)"
"1233022","неужели работает после этого? а можно примерчик зашифрованного файла.."
"1233366","@alexolut thx, done"
"1233506","Очень удобно, наверное, перепечатывать ваш код со скрина..."
"1235239","Гениально, спасибо)"
"1236646","Wrong question language..."
"1236711","Стоит заметить, что  `#include <string.h>` работает в обеих случаях"
"1236874","Два main - так и должно быть.Что значит не привязывается..? Если вбить в адресную строку браузера адрес сервера, то все отображается без проблем.  А если вбить в адресную строку domain.com, возникает ошибка ""ERR_CONNECTION_REFUSED"", хотя я же этот домен привязал в файле конфига   ServerName domain.com... Извиняюсь, если вопрос глупый и плохо сформулированный"
"1238418","Я в курсе как пользоваться динамической памятью. Привожу пример моего вопроса, я не задаю размер массива символов, я пишу строку с клавиатуры, после чего считается кол-во символов в этой строке и создаю динамический массив символов, а после с буфера ввода то, что я туда написал(строку) копируется в созданный массив при этом дописывая \0 в конце, чтобы читать как строку."
"1239174","А чего это линуксоиды столько минусов накидали?"
"1239849","[Tue Feb 20 18:46:52.945963 2018] [:error] [pid 22311] [client 127.0.0.1:36672] PHP Warning:  fwrite() expects parameter 1 to be resource, boolean given in /var/www/html/index.php on line 3
остальное file_put_contents пишет permission denied"
"1240017","@Fuy Cat интересная последовательность вопросов https://ru.stackoverflow.com/questions/787462/как-удалить-куки-очистить-куки-в-xnet-c"
"1240334","Спасибо огромное!"
"1240418","Ошибка то какая? Текст какой? Код? Стек вызовов?"
"1241342","Русский язык бы Вам подучить.."
"1241578","Вы по сути ничем не ответили. ТС и так упомянул `UseProgram`. Дополните ответ подробностями?"
"1241739","@Arsen сейчас придёт jfs и скажет, что «ёрничать не нужно»"
"1242003","+1 за слово  ""загвостка"""
"1242008","картинки надо вставлять картинками, а не давать ссылки на внешний хостинг, где они протухнут через неделю. А код картинками (О, у меня первая наконец загрузилась!) это вообще моветон: вставляйте код текстом"
"1242154","надо бить, а то за фук возьму"
"1243502","Вы молодец, не сдавайтесь!"
"1243550","@Drakonoved upd)"
"1243998","Добавьте язык в метки вопроса."
"1245100","on ru.stackoverflow.com you have to ask a question only on Russian lang. For EN you can ask on the stackoverflow.com"
"1245136","Добрый день. В поиске есть масса инструкций, как настроить git. Достаточно только ввести в поиск Ваш запрос. https://encrypted.google.com/search?q=%D0%BD%D0%B0%D1%81%D1%82%D1%80%D0%BE%D0%B9%D0%BA%D0%B0+git+%D0%BD%D0%B0+windows+7"
"1245336","Alex: ""от того, что Вы добавили метки без описания он не стал онтопиком"" – Alex Вы так ревностно следите за каждым моим движением... Это говорит о многом... ))) Некоторые хотят здесь видеть вопросы, решаемые программистами, шире чем просто код... Как на англоязычном SO... Может будет найден копромисс.. )"
"1245563","Если вы не можете подсказать, лучше идите дальше. Тратите зря моё время, такая помощь мне не нужна. Умничать на словах любой может."
"1245846","Зачем писать ""я новичок"", если по вопросу ясно?"
"1246316","Очень странный ход: `row1 %= row_size;` - так Вы избежали ошибок стадии выполнения, но добавили возможность логических ошибок. Вместо этого лучше сделать код возврата ошибки, вывод сообщения о недопустимом значении или просто  завершение программы с ругательствами на неверный индекс. Но в Вашем случае, программа будет ""как-будто правильно"" работать и никто об ошибке может не узнать. До тех пор, пока какой-нибудь очередной спутник не улетит за пределы Солнечной системы."
"1246530","Полагаю, что нужно плясать от деления круга на сектора, вычисляя угол, а уже далее через полярные координаты, но как найти угол - не понимаю"
"1247117","[Замыкание](https://ru.wikipedia.org/wiki/%D0%97%D0%B0%D0%BC%D1%8B%D0%BA%D0%B0%D0%BD%D0%B8%D0%B5_(%D0%BF%D1%80%D0%BE%D0%B3%D1%80%D0%B0%D0%BC%D0%BC%D0%B8%D1%80%D0%BE%D0%B2%D0%B0%D0%BD%D0%B8%D0%B5)). https://habrahabr.ru/post/147620/"
"1247529","спасибо gil9red"
"1247570","просто кто то просто так ставит плюсы) не я"
"1247983","@Эдуард снизу вверх"
"1248202","В запросах на выборку будет генерироваться не Inner Join, а Left Join"
"1248876","Упоминания мамок на so, дожили."
"1248950","Таблица идет сплошная, не разделяясь на страницы. Помогите пожалуйста, не могу решить данную задачу"
"1249267","5. Распараллелить цикл:
For(i=2;i<N;i++)
For(j=2;i<N;j++)
  A[i,j] =A[i-2,j] +A[i,j-2];"
"1249827","У вас есть наработки по решению данной задачи? Если имеется то добавьте в вопрос."
"1249855","Напоминаю закрывающим, что простые вопросы не запрещены даже в том случае когда автор вопроса явно прогулял школьную математику."
"1250188","Вам пользователя-то не жалко? И почему они должны бить его именно слева?"
"1250856","@qwabra Есть хорошая английская пословица, - ""Не бойся собак, которые лают, остерегайся тех, которые молчат"""
"1252184","В вашем вопросе нет конкретики, поясню : без исходного кода сайта на котором вы пытаетесь регистрировать аккаунты ничего сказать нельзя. Вы отловили пост , а как он формируется понятия не имеете . Как обрабатывается в браузере , и на стороне сервера , есть ли шифрованный js который взаимодействует с сервером . Вы пытаетесь отправить готовый пост с данными о существовании которых сервер может даже не знать.
P/s здесь принято задавать конкретный вопрос по коду или решению , но никак не решение вашей проблемы в целом."
"1253352","Вы бы, глянули на правила форума. Ваш вопрос это ТЗ для биржи фриланса."
"1253503","чет я разжирел от недостатка физических нагрузок, что же делать? а, попробую просто немного по-другому есть )))"
"1253909","@Вячеслав SQL Server имеет функцию доступа к БД по сети установите и настройте MSSQL на одном из ПК вашей сети и подключайте по ip что тут сложного?"
"1253923","Я вас понял хорошо. Это вы не поняли. Вы из своей головы шаблончик про сетевые диски уберите, работа с сервером СУБД ничего общего с файловой помойкой на сетевом диске не имеет."
"1254147","Скопируйте текст ошибки из терминала и вставьте в вопрос вместо ссылки на изображение."
"1255049","Эдуард, сделано. Андрюхе спасибо."
"1255734","Редко ставлю ""-"", но это один из тех случаев. Если вы хотите, чтобы за вас сделали всю работу, то вы не по адресу. Если проблемы с конкретной частью - пожалуйста отредактируйте вопрос и я с удовольствием поставлю вопросу ""+"""
"1255810","Возможный дубликат вопроса: [Что такое NullReferenceException, и как мне исправить код?](https://ru.stackoverflow.com/questions/413041/%d0%a7%d1%82%d0%be-%d1%82%d0%b0%d0%ba%d0%be%d0%b5-nullreferenceexception-%d0%b8-%d0%ba%d0%b0%d0%ba-%d0%bc%d0%bd%d0%b5-%d0%b8%d1%81%d0%bf%d1%80%d0%b0%d0%b2%d0%b8%d1%82%d1%8c-%d0%ba%d0%be%d0%b4)"
"1255819","Это русскоязычный SO. Переведите свой вопрос."
"1255870","@Grundy ""кейс"" - чемоданчик такой плоский, их еще раньше ""дипломат"" называли. У него плоские бока, на которых удобно писать ивент лыснеры."
"1255927","вопрос из серии - ""сделайте за меня код"". Думаете кому-то интересно копаться в тонне кода, чтобы вам помочь?  Даже вопрос не сформулировали корректно `немножко криво отображается, но суть понятна` - типа ""я вам кину что есть, а дальше разбирайтесь сами!"". Хотите помощи - обособьте проблему, выделите, что конкретно хотите узнать, запостите как можно меньше кода(обрежте лишнее), и тогда узнаете быстро."
"1256009","Большое спасибо! Я точно ДЦП =)"
"1256144","МММММММда........."
"1257319","@Anonymous: Вы путаете любовь к программированию и любовь к решению чужих проблем."
"1257332","@Anonymous не уверен, что понял ваш комментарий"
"1257354","""Давайте добьем эту задачу!"" Давайте, откройте репозиторий на гитхабе, по каждому пункту задавайте новый вопрос. Оставляйте на него ссылку - каждый желающий сможет отправить PR."
"1257441","""То что вы грамотные пиарщики и для вас главное обложка - чести вам не делает. :)"" Можно узнать к кому вы обращаетесь и на каком основании был сделаны такие выводы?"
"1257445","А попробовать разобраться, изучить. Дать вопрос что именно не понятно? Или как минимум дать ссылки на примеры что вам не понятно. Не всегда есть легкие пути, если относится к этому так, то смысл вообще заниматься программированием, которое на половину состоит в том что бы вечно в чем то разбираться."
"1257453","так почему бы поэтапно не разобраться в какой то теме"
"1258308","Это и есть причина почему Kotlin не взлетит и почему не взлетают все JVM based языки: groovy, scala, ceylon и имя им легион"
"1258967","Ну какие могут быть предположения? найдите и покажите в вопросе именно тот код, который приводит к ошибке - тогда и появится предмет для обсуждения."
"1259092","Это легко исправляется просмотром видео на youtube, или чтением какой то документации. Ресурс создан для решения проблем, и пополнения базы данных их решений."
"1259691","This is mostly a matter of personal taste. Sometimes extra verbosity is for conveying deeper meaning too"
"1260099","@DenisBubnov да, согласен. Комментарии к вопросу читать скорее всего будут редко. Отредактирую."
"1260104","`Я их уже связал в phpmyAdmin` если вы решили проблему, просьба опубликовать решение. Если нет, тогда предоставьте схему БД, запрос без знания столбцов не написать"
"1260120","вам кофе с молоком или без?..."
"1260850","Welcome to StackOverflow in russian. As follows from the name, Russian is the working language of this site. Please either translate your question into Russian or [`ask the same question on StackOverflow in English`](http://stackoverflow.com/questions/ask). This question may get closed soon, but if you choose to translate, it will surely be reopened, once the translation is done."
"1261818","так переделай callback'и на Promise и все"
"1261892","любую асинхронную функцию с callback можно легко переделать в Promise: `new Promise(r=>func((...args)=>{ r(...args);}))` плюс вариации с передачей параметров. если конечно у тебя сейчас не половина Promise о которых ты не знаешь."
"1261908","Вся необходимая информация должна быть непосредственно в вопросе. Лучше всего чтобы был [mcve]"
"1263475","прочитал и решил... а почему Вы собственно решили, что речь про joda.time? Возможно автор имел ввиду LocalDate? И почему ответили про Calendar, если прочитали не про него?"
"1264787","каждый проект имеет свой драйвер, а машину рулит один водитель. По моему все нормально..."
"1264818","@Harry, по моему он шутит"
"1265198","Данный вопрос следует закрыть, потому что программисты не верят в гороскопы."
"1266156","@ikar плохая работа значит, мне доводилось бывать на такой, в чате которой и более откровенные картинки были абсолютной нормой)) Впрочем, это уже оффтопик"
"1268191","что же за монстр заставил вас верстать под ie??"
"1268198","@paul-wall садисты. (:"
"1269308","Почитай про перегрузку оператора <<. Это как раз твой случай."
"1269873","холиварить не перехоливарить..."
"1270098","Пока не получается. Как только, так сразу"
"1270394","https://www.youtube.com/watch?v=uL6vFYLX7Bk (Простите, не удержался.)"
"1270553","-1. Вопрос был почему строка распознается как число, а не как выполнить учебное задание."
"1270554","-1. Вопрос был почему строка распознается как число, а не как выполнить учебное задание."
"1271352","@slowBro, и уметь ими пользоваться:)"
"1271562","Windows Forms  App"
"1271649","""Нижнее подчёркивание"" -- а бывает ""верхнее *под*чёркивание""???"
"1271984","Господа программисты, давайте договоримся о том, что ставить минус и, затем, отваливать без комментариев - неприлично.  Поставил минус - распишись."
"1273181","@MikhailGrebenev какая разница, это ж практически одно и тоже"
"1273406","@Дмытрык ммм, перепутали?"
"1274354","Как минимум, функция должна объявляться до применения."
"1274361","@ЮрийСПб Тогда почему человек так и не написал? Или сообщество должно родить вопрос за человека который его задает? Как-то не совсем правильно получается."
"1274369","@ЮрийСПб В этом я с вами согласен, но все равно. Человек должен хоть какую-то активность проявлять... Тут палка с двумя концами, не знаешь как поступить правильно. Помоги (50 на 50), или альтернатива..."
"1274397","Спасибо большое)"
"1274607","@VladSpirin, а кто его знает... Меня тут давеча обвинили в непристойном  поведении с новичками, так я ся скромно веду  и посылаю его учить `css`))))))"
"1275121","Не верю. Надо копать дальше."
"1275581","@Grundy, ну она не едет."
"1278237","@Sergey, Мне? вы кое что попутали, а вроде не первый день на сайте!!"
"1278628","@Grundy, Может сначала прочитать, а потом делать и отмерять? Ну, знаешь, чтобы тупая голова ногам покой дала."
"1280326","прикольно :))))"